MariaDB [firstdatabase]> select date("2017-06-15 09:34:21");   
+-----------------------------+
| date("2017-06-15 09:34:21") |
+-----------------------------+
| 2017-06-15                  |
+-----------------------------+
1 row in set (0.000 sec)

MariaDB [firstdatabase]> SELECT DATE("2017-06-15");
+--------------------+
| DATE("2017-06-15") |
+--------------------+
| 2017-06-15         |
+--------------------+
1 row in set (0.000 sec)

MariaDB [firstdatabase]> SELECT DATE(OrderDate) FROM Orders;
ERROR 1146 (42S02): Table 'firstdatabase.Orders' doesn't exist
MariaDB [firstdatabase]> SELECT DATEDIFF("2017-06-25", "2017-06-15");
+--------------------------------------+
| DATEDIFF("2017-06-25", "2017-06-15") |
+--------------------------------------+
|                                   10 |
+--------------------------------------+
1 row in set (0.000 sec)

MariaDB [firstdatabase]> SELECT DATEDIFF("2017-01-01", "2016-12-24");
+--------------------------------------+
| DATEDIFF("2017-01-01", "2016-12-24") |
+--------------------------------------+
|                                    8 |
+--------------------------------------+
1 row in set (0.000 sec)

MariaDB [firstdatabase]> SELECT DATE_ADD("2017-06-15", INTERVAL 10 DAY);
+-----------------------------------------+
| DATE_ADD("2017-06-15", INTERVAL 10 DAY) |
+-----------------------------------------+
| 2017-06-25                              |
+-----------------------------------------+
1 row in set (0.000 sec)

MariaDB [firstdatabase]> SELECT DATE_ADD("2017-06-15 09:34:21", INTERVAL 15 MINUTE);
+-----------------------------------------------------+
| DATE_ADD("2017-06-15 09:34:21", INTERVAL 15 MINUTE) |
+-----------------------------------------------------+
| 2017-06-15 09:49:21                                 |
+-----------------------------------------------------+
1 row in set (0.000 sec)

MariaDB [firstdatabase]> SELECT DATE_ADD("2017-06-15 09:34:21", INTERVAL -2 HOUR);
+---------------------------------------------------+
| DATE_ADD("2017-06-15 09:34:21", INTERVAL -2 HOUR) |
+---------------------------------------------------+
| 2017-06-15 07:34:21                               |
+---------------------------------------------------+
1 row in set (0.000 sec)

MariaDB [firstdatabase]> SELECT DATE_ADD("2017-06-15", INTERVAL -2 MONTH);
+-------------------------------------------+
| DATE_ADD("2017-06-15", INTERVAL -2 MONTH) |
+-------------------------------------------+
| 2017-04-15                                |
+-------------------------------------------+
1 row in set (0.000 sec)

MariaDB [firstdatabase]> SELECT DATE_FORMAT("2017-06-15", "%Y");
+---------------------------------+
| DATE_FORMAT("2017-06-15", "%Y") |
+---------------------------------+
| 2017                            |
+---------------------------------+
1 row in set (0.000 sec)

MariaDB [firstdatabase]> SELECT DATE_FORMAT("2017-06-15", "%D");
+---------------------------------+
| DATE_FORMAT("2017-06-15", "%D") |
+---------------------------------+
| 15th                            |
+---------------------------------+
1 row in set (0.000 sec)

MariaDB [firstdatabase]> SELECT DATE_FORMAT("2017-06-15", "%d");
+---------------------------------+
| DATE_FORMAT("2017-06-15", "%d") |
+---------------------------------+
| 15                              |
+---------------------------------+
1 row in set (0.000 sec)

MariaDB [firstdatabase]> SELECT DATE_FORMAT("2017-06-15", "%H");
+---------------------------------+
| DATE_FORMAT("2017-06-15", "%H") |
+---------------------------------+
| 00                              |
+---------------------------------+
1 row in set (0.000 sec)

MariaDB [firstdatabase]> SELECT DATE_SUB("2017-06-15", INTERVAL 10 DAY);
+-----------------------------------------+
| DATE_SUB("2017-06-15", INTERVAL 10 DAY) |
+-----------------------------------------+
| 2017-06-05                              |
+-----------------------------------------+
1 row in set (0.000 sec)

MariaDB [firstdatabase]> SELECT DATE_SUB("2017-06-15 09:34:21", INTERVAL 5 MINUTE);
+----------------------------------------------------+
| DATE_SUB("2017-06-15 09:34:21", INTERVAL 5 MINUTE) |
+----------------------------------------------------+
| 2017-06-15 09:29:21                                |
+----------------------------------------------------+
1 row in set (0.000 sec)

MariaDB [firstdatabase]> SELECT DATE_SUB("2017-06-15 09:34:21", INTERVAL 2 HOUR);
+--------------------------------------------------+
| DATE_SUB("2017-06-15 09:34:21", INTERVAL 2 HOUR) |
+--------------------------------------------------+
| 2017-06-15 07:34:21                              |
+--------------------------------------------------+
1 row in set (0.000 sec)

MariaDB [firstdatabase]> SELECT DATE_SUB("2017-06-15", INTERVAL -2 MONTH);
+-------------------------------------------+
| DATE_SUB("2017-06-15", INTERVAL -2 MONTH) |
+-------------------------------------------+
| 2017-08-15                                |
+-------------------------------------------+
1 row in set (0.000 sec)

MariaDB [firstdatabase]> SELECT DAY("2017-06-15");
+-------------------+
| DAY("2017-06-15") |
+-------------------+
|                15 |
+-------------------+
1 row in set (0.000 sec)

MariaDB [firstdatabase]> SELECT DAY("2017-06-15 09:34:21");
+----------------------------+
| DAY("2017-06-15 09:34:21") |
+----------------------------+
|                         15 |
+----------------------------+
1 row in set (0.000 sec)

MariaDB [firstdatabase]> SELECT DAY(CURDATE());
+----------------+
| DAY(CURDATE()) |
+----------------+
|             23 |
+----------------+
1 row in set (0.000 sec)

MariaDB [firstdatabase]> SELECT DAYNAME("2017-06-15");
+-----------------------+
| DAYNAME("2017-06-15") |
+-----------------------+
| Thursday              |
+-----------------------+
1 row in set (0.000 sec)

MariaDB [firstdatabase]> SELECT DAYNAME("2017-06-15 09:34:21");
+--------------------------------+
| DAYNAME("2017-06-15 09:34:21") |
+--------------------------------+
| Thursday                       |
+--------------------------------+
1 row in set (0.000 sec)

MariaDB [firstdatabase]> SELECT DAYOFMONTH("2017-06-15");
+--------------------------+
| DAYOFMONTH("2017-06-15") |
+--------------------------+
|                       15 |
+--------------------------+
1 row in set (0.000 sec)

MariaDB [firstdatabase]> SELECT DAYOFWEEK("2017-06-15");
+-------------------------+
| DAYOFWEEK("2017-06-15") |
+-------------------------+
|                       5 |
+-------------------------+
1 row in set (0.000 sec)

MariaDB [firstdatabase]> SELECT DAYOFYEAR("2017-06-15");
+-------------------------+
| DAYOFYEAR("2017-06-15") |
+-------------------------+
|                     166 |
+-------------------------+
1 row in set (0.000 sec)

MariaDB [firstdatabase]> SELECT DAYOFYEAR("2017-12-23");
+-------------------------+
| DAYOFYEAR("2017-12-23") |
+-------------------------+
|                     357 |
+-------------------------+
1 row in set (0.000 sec)

MariaDB [firstdatabase]> SELECT EXTRACT(MONTH FROM "2017-06-15");
+----------------------------------+
| EXTRACT(MONTH FROM "2017-06-15") |
+----------------------------------+
|                                6 |
+----------------------------------+
1 row in set (0.000 sec)

MariaDB [firstdatabase]> SELECT FROM_DAYS(685467);
+-------------------+
| FROM_DAYS(685467) |
+-------------------+
| 1876-09-29        |
+-------------------+
1 row in set (0.000 sec)

MariaDB [firstdatabase]> SELECT HOUR("2017-06-20 09:34:00");
+-----------------------------+
| HOUR("2017-06-20 09:34:00") |
+-----------------------------+
|                           9 |
+-----------------------------+
1 row in set (0.000 sec)

MariaDB [firstdatabase]> SELECT LAST_DAY("2017-06-20");
+------------------------+
| LAST_DAY("2017-06-20") |
+------------------------+
| 2017-06-30             |
+------------------------+
1 row in set (0.000 sec)

MariaDB [firstdatabase]> SELECT LOCALTIME();
+---------------------+
| LOCALTIME()         |
+---------------------+
| 2021-11-23 17:42:27 |
+---------------------+
1 row in set (0.000 sec)

MariaDB [firstdatabase]> SELECT LOCALTIME() + 1;
+-----------------+
| LOCALTIME() + 1 |
+-----------------+
|  20211123174238 |
+-----------------+
1 row in set (0.014 sec)

MariaDB [firstdatabase]> SELECT LOCALTIMESTAMP();
+---------------------+
| LOCALTIMESTAMP()    |
+---------------------+
| 2021-11-23 17:42:50 |
+---------------------+
1 row in set (0.000 sec)

MariaDB [firstdatabase]> SELECT MAKEDATE(2017, 3);
+-------------------+
| MAKEDATE(2017, 3) |
+-------------------+
| 2017-01-03        |
+-------------------+
1 row in set (0.000 sec)

MariaDB [firstdatabase]> SELECT MAKETIME(11, 35, 4);
+---------------------+
| MAKETIME(11, 35, 4) |
+---------------------+
| 11:35:04            |
+---------------------+
1 row in set (0.000 sec)

MariaDB [firstdatabase]> SELECT MICROSECOND("2017-06-20 09:34:00.000023");
+-------------------------------------------+
| MICROSECOND("2017-06-20 09:34:00.000023") |
+-------------------------------------------+
|                                        23 |
+-------------------------------------------+
1 row in set (0.000 sec)

MariaDB [firstdatabase]> SELECT MINUTE("2017-06-20 09:34:00");
+-------------------------------+
| MINUTE("2017-06-20 09:34:00") |
+-------------------------------+
|                            34 |
+-------------------------------+
1 row in set (0.000 sec)

MariaDB [firstdatabase]> SELECT MONTH("2017-06-15");
+---------------------+
| MONTH("2017-06-15") |
+---------------------+
|                   6 |
+---------------------+
1 row in set (0.000 sec)

MariaDB [firstdatabase]> SELECT MONTHNAME("2017-06-15");
+-------------------------+
| MONTHNAME("2017-06-15") |
+-------------------------+
| June                    |
+-------------------------+
1 row in set (0.000 sec)

MariaDB [firstdatabase]> SELECT NOW();
+---------------------+
| NOW()               |
+---------------------+
| 2021-11-23 17:44:29 |
+---------------------+
1 row in set (0.000 sec)

MariaDB [firstdatabase]> SELECT NOW() + 1;
+----------------+
| NOW() + 1      |
+----------------+
| 20211123174455 |
+----------------+
1 row in set (0.000 sec)

MariaDB [firstdatabase]> SELECT PERIOD_ADD(201703, 5);
+-----------------------+
| PERIOD_ADD(201703, 5) |
+-----------------------+
|                201708 |
+-----------------------+
1 row in set (0.000 sec)

MariaDB [firstdatabase]> SELECT PERIOD_DIFF(201710, 201703);
+-----------------------------+
| PERIOD_DIFF(201710, 201703) |
+-----------------------------+
|                           7 |
+-----------------------------+
1 row in set (0.000 sec)

MariaDB [firstdatabase]> SELECT QUARTER("2017-06-15");
+-----------------------+
| QUARTER("2017-06-15") |
+-----------------------+
|                     2 |
+-----------------------+
1 row in set (0.000 sec)

MariaDB [firstdatabase]> SELECT SECOND("2017-06-20 09:34:00.000023");
+--------------------------------------+
| SECOND("2017-06-20 09:34:00.000023") |
+--------------------------------------+
|                                    0 |
+--------------------------------------+
1 row in set (0.000 sec)

MariaDB [firstdatabase]> SELECT SEC_TO_TIME(1);
+----------------+
| SEC_TO_TIME(1) |
+----------------+
| 00:00:01       |
+----------------+
1 row in set (0.000 sec)

MariaDB [firstdatabase]> SELECT STR_TO_DATE("August 10 2017", "%M %d %Y");
+-------------------------------------------+
| STR_TO_DATE("August 10 2017", "%M %d %Y") |
+-------------------------------------------+
| 2017-08-10                                |
+-------------------------------------------+
1 row in set (0.000 sec)

MariaDB [firstdatabase]> SELECT STR_TO_DATE("August 10 2017", "%M %d %Y");
+-------------------------------------------+
| STR_TO_DATE("August 10 2017", "%M %d %Y") |
+-------------------------------------------+
| 2017-08-10                                |
+-------------------------------------------+
1 row in set (0.000 sec)

MariaDB [firstdatabase]> SELECT SUBTIME("2017-06-15 10:24:21.000004", "5.000001");
+---------------------------------------------------+
| SUBTIME("2017-06-15 10:24:21.000004", "5.000001") |
+---------------------------------------------------+
| 2017-06-15 10:24:16.000003                        |
+---------------------------------------------------+
1 row in set (0.000 sec)

MariaDB [firstdatabase]> SELECT SYSDATE();
+---------------------+
| SYSDATE()           |
+---------------------+
| 2021-11-23 17:50:26 |
+---------------------+
1 row in set (0.000 sec)

MariaDB [firstdatabase]> SELECT TIME("19:30:10");
+------------------+
| TIME("19:30:10") |
+------------------+
| 19:30:10         |
+------------------+
1 row in set (0.000 sec)

MariaDB [firstdatabase]> SELECT TIME_FORMAT("19:30:10", "%H %i %s");
+-------------------------------------+
| TIME_FORMAT("19:30:10", "%H %i %s") |
+-------------------------------------+
| 19 30 10                            |
+-------------------------------------+
1 row in set (0.000 sec)

MariaDB [firstdatabase]> SELECT TIME_TO_SEC("19:30:10");
+-------------------------+
| TIME_TO_SEC("19:30:10") |
+-------------------------+
|                   70210 |
+-------------------------+
1 row in set (0.000 sec)

MariaDB [firstdatabase]> SELECT TIMEDIFF("13:10:11", "13:10:10");
+----------------------------------+
| TIMEDIFF("13:10:11", "13:10:10") |
+----------------------------------+
| 00:00:01                         |
+----------------------------------+
1 row in set (0.000 sec)

MariaDB [firstdatabase]> SELECT TIMESTAMP("2017-07-23",  "13:10:11");
+--------------------------------------+
| TIMESTAMP("2017-07-23",  "13:10:11") |
+--------------------------------------+
| 2017-07-23 13:10:11                  |
+--------------------------------------+
1 row in set (0.016 sec)

MariaDB [firstdatabase]> SELECT TO_DAYS("2017-06-20");
+-----------------------+
| TO_DAYS("2017-06-20") |
+-----------------------+
|                736865 |
+-----------------------+
1 row in set (0.000 sec)

MariaDB [firstdatabase]> SELECT WEEK("2017-06-15");
+--------------------+
| WEEK("2017-06-15") |
+--------------------+
|                 24 |
+--------------------+
1 row in set (0.000 sec)

MariaDB [firstdatabase]> SELECT WEEKDAY("2017-06-15");
+-----------------------+
| WEEKDAY("2017-06-15") |
+-----------------------+
|                     3 |
+-----------------------+
1 row in set (0.000 sec)

MariaDB [firstdatabase]> SELECT WEEKOFYEAR("2017-06-15");
+--------------------------+
| WEEKOFYEAR("2017-06-15") |
+--------------------------+
|                       24 |
+--------------------------+
1 row in set (0.000 sec)

MariaDB [firstdatabase]> SELECT YEAR("2017-06-15");
+--------------------+
| YEAR("2017-06-15") |
+--------------------+
|               2017 |
+--------------------+
1 row in set (0.000 sec)

+------------------------+
| YEARWEEK("2017-06-15") |
+------------------------+
|                 201724 |
+------------------------+
1 row in set (0.000 sec)

MariaDB [firstdatabase]> 

